Combination,Validation Accuracy,Validation Loss,Test Accuracy,Test Loss,Training time,Inference time,Cohens Kappa,MCC,Balanced Accuracy
CNN+Dense,73.21428656578064,0.5730206370353699,71.66666666666667,0.6006569347816749,349.64449071884155,3.081716537475586,0.4364329520968009,0.4441537820085247,0.71971205732151
CNN+Dense+Dropout,78.03571224212646,0.5034863352775574,74.5,0.5616711226418089,691.2454178333282,3.2232255935668945,0.4911815894201243,0.4936445325551071,0.7464925065921961
CNN+GlobbalAveragePooling+Dense,59.28571224212647,0.6562302112579346,59.91666666666666,0.6551249486026675,898.1909685134888,2.9005789756774902,0.1892666318326619,0.1966456356581774,0.5937009757562945
CNN+Conv2D+GlobalAveragePooling+Dropout+Dense,54.82142567634583,0.690381646156311,57.91666666666667,0.6885027183120781,680.7486107349396,7.134103536605835,0.1424544481991543,0.1620989618337505,0.5700024477352885
CNN+LSTM+Dense,51.249998807907104,0.6929616332054138,51.83333333333333,0.6928559638779002,432.6445338726044,3.426239013671875,0.0,0.0,0.5
CNN+GRU+Dense,51.60714387893677,0.6866776943206787,51.83333333333333,0.6863285776970084,156.52616095542908,3.652141571044922,0.0586421428648983,0.0778737460130927,0.5300459506670079
CNN+Attention Mechanism+Dense,48.750001192092896,0.6932687163352966,48.16666666666667,0.6933320818523424,158.29256343841553,3.107662916183472,0.0,0.0,0.5
CNN+Capsule Network+Dense,51.78571343421936,0.6895748972892761,52.0,0.6894628044047012,172.52118968963623,3.1597325801849365,0.003965692151618461,0.02350045122705575,0.50191368395287
