Combination,Validation Accuracy,Validation Loss,Test Accuracy,Test Loss,Training time,Inference time,Cohens Kappa,MCC,Balanced Accuracy
CNN+Dense,77.49999761581421,0.6037544012069702,75.08333333333333,0.8056307245640174,132.19795989990234,3.011035203933716,0.498077923821994,0.5045348608324633,0.7475912059546723
CNN+Dense+Dropout,80.89285492897034,0.605732798576355,80.0,0.6436003151824685,276.1911768913269,3.201951742172241,0.6003419296823829,0.601423614906787,0.8008322299981085
CNN+GlobbalAveragePooling+Dense,67.85714030265808,0.599669337272644,66.66666666666666,0.5912892567513921,181.3986849784851,2.8499460220336914,0.3343909122172548,0.3354627018553553,0.6676865563702311
CNN+Conv2D+GlobalAveragePooling+Dropout+Dense,55.714285373687744,0.6896847486495972,56.25,0.6875776740857192,861.5089585781097,7.028772592544556,0.1145566880484828,0.1196402553523238,0.556678979516906
CNN+LSTM+Dense,62.32143044471741,0.6965067982673645,59.91666666666666,0.7086270080209914,131.79561638832092,2.9911556243896484,0.1883637345392572,0.1975924552279514,0.5931502353163698
CNN+GRU+Dense,48.750001192092896,0.6933794617652893,48.16666666666667,0.6934729772864633,156.42329120635986,3.491972684860229,0.0,0.0,0.5
CNN+Attention Mechanism+Dense,75.0,0.5044185519218445,72.16666666666667,0.5760366913075444,336.32891392707825,3.0122828483581543,0.4431291473540297,0.4432869041933117,0.7217815062472881
CNN+Capsule Network+Dense,79.82142567634583,0.4554018974304199,76.33333333333333,0.5598656128060291,132.81822085380554,3.0589599609375,0.5255067943862776,0.5257445941262587,0.762463979350015
