Combination,Validation Accuracy,Validation Loss,Test Accuracy,Test Loss,Training time,Inference time,Cohens Kappa,MCC,Balanced Accuracy
CNN+Dense,76.42857432365417,0.5817040205001831,74.83333333333333,0.6471633597383647,154.54797291755676,3.111107587814331,0.4971583340733505,0.4981564635902883,0.7491572002358726
CNN+Dense+Dropout,78.21428775787354,0.5200541615486145,77.66666666666666,0.5873851600991238,241.7686398029328,3.22011399269104,0.553769647455821,0.5548814337678017,0.7775286774441192
CNN+GlobbalAveragePooling+Dense,60.53571701049805,0.6529285907745361,60.583333333333336,0.6508747441898589,147.57972264289856,3.5341217517852783,0.2044224914639411,0.2092523191579948,0.6014169049499883
CNN+Conv2D+GlobalAveragePooling+Dropout+Dense,60.89285612106323,0.6712566018104553,61.0,0.6701816154341077,1611.5362927913666,7.122774124145508,0.2109345143088371,0.219715590740222,0.6043959100568542
CNN+LSTM+Dense,60.178571939468384,0.6566851735115051,57.99999999999999,0.6916064245850276,306.4708354473114,3.07863998413086,0.1532732261858095,0.1558602334834959,0.5761301305087951
CNN+GRU+Dense,51.249998807907104,0.6931129097938538,51.83333333333333,0.6930966174547704,156.91392040252686,4.157625198364258,0.0,0.0,0.5
CNN+Attention Mechanism+Dense,48.750001192092896,0.6858992576599121,48.16666666666667,0.6861935902521565,210.30741453170776,3.0689375400543213,0.0,0.0,0.5
CNN+Capsule Network+Dense,80.17857074737549,0.43370383977890015,76.33333333333333,0.5267247357825998,859.7076787948608,3.066789150238037,0.5268979609968459,0.5275571750095688,0.7639326205231478
