Combination,Validation Accuracy,Validation Loss,Test Accuracy,Test Loss,Training time,Inference time,Cohens Kappa,MCC,Balanced Accuracy
CNN+Dense,77.32142806053162,0.6452958583831787,74.33333333333333,0.7165138341184879,131.94240760803223,3.026463270187378,0.4839545611938298,0.4867611198311545,0.741029606470922
CNN+Dense+Dropout,77.85714268684387,0.5658490061759949,77.0,0.6476302399098107,241.6958589553833,3.204591989517212,0.5378535866580341,0.5400658440343359,0.7680381401662235
CNN+GlobbalAveragePooling+Dense,66.25000238418579,0.6102703809738159,66.08333333333334,0.6039670953859786,570.7788105010986,2.9428415298461914,0.3183759371633051,0.3198365719911403,0.6586327173199524
CNN+Conv2D+GlobalAveragePooling+Dropout+Dense,55.53571581840515,0.692331850528717,57.49999999999999,0.6918476690471804,616.2778725624084,7.104442119598389,0.1345566441161164,0.1513808810349169,0.5661667352774286
CNN+LSTM+Dense,62.32143044471741,0.6619884371757507,59.25,0.7131192892876348,132.002112865448,3.0900728702545166,0.1748645866729662,0.1834319281131649,0.5864745936203117
CNN+GRU+Dense,48.750001192092896,0.6932578682899475,48.16666666666667,0.6933056176466394,156.90376543998718,3.513946771621704,0.0,0.0,0.5
CNN+Attention Mechanism+Dense,71.78571224212646,0.5399057269096375,70.08333333333333,0.5791994812131107,807.4539616107941,3.081087589263916,0.4014837867126066,0.4016451335802269,0.7009507226382137
CNN+Capsule Network+Dense,81.25,0.4441105127334595,77.5,0.5290035359438333,154.6620271205902,3.0408077239990234,0.5487314339197968,0.5491734310479243,0.773962772171475
