Combination,Validation Accuracy,Validation Loss,Test Accuracy,Test Loss,Training time,Inference time,Cohens Kappa,MCC,Balanced Accuracy
VGG16,85.53571428571428,0.326122758033319,85.25,0.3204849903747073,3354.4160742759705,45.37398815155029,0.7048737515492738,0.70509431665726,0.85276037784132
VGG16+Dense,85.35714285714285,0.3298731823446933,85.16666666666667,0.3205970755328839,633.8236949443817,45.906880378723145,0.7034782994980231,0.7043584371850208,0.8523848729959167
VGG16+Dense+Dropout,85.0,0.3279352085624321,86.25,0.315473511422486,1265.5441749095917,45.90092444419861,0.7249831934173756,0.725427708391145,0.8629574205320487
VGG16+GlobalAveragePooling+Dense,85.35714285714285,0.3300889722714158,85.08333333333333,0.3302846090903047,831.5907092094421,45.94842290878296,0.7020490370690946,0.7038542584639029,0.8519481747682995
VGG16+Conv2D+GlobalAveragePooling+Dropout+Dense,86.78571428571429,0.2959431089894306,88.75,0.2981796329216335,2592.965606689453,44.715073585510254,0.775398044576556,0.778204430379441,0.8889089776254743
VGG16+LSTM+Dense,84.46428571428571,0.3173066115062974,85.41666666666666,0.3373908852931136,1764.4109108448029,44.85968613624573,0.7092041054841336,0.7141920472425844,0.8561427029673228
VGG16+GRU+Dense,86.07142857142858,0.3172046378021098,85.16666666666667,0.311647100379215,1041.7597062587738,45.27426862716675,0.7030793011798984,0.7031419125552785,0.8517117457915642
VGG16+Attention Mechanism+Dense,83.21428571428572,0.35983239942526773,85.25,0.33435488380751277,1458.1933751106262,45.02958369255066,0.7047293352239553,0.7047773889340089,0.8525156043124645
