Combination,Validation Accuracy,Validation Loss,Test Accuracy,Test Loss,Training time,Inference time,Cohens Kappa,MCC,Balanced Accuracy
VGG16,85.89285714285714,0.327103527745866,85.16666666666667,0.3207882186061466,632.0836548805237,45.92892289161682,0.703369588161447,0.7039328221150634,0.852201292849275
VGG16+Dense,84.64285714285714,0.3263015499028621,83.58333333333333,0.3290399202237114,1676.1539421081543,45.24898099899292,0.670801606443599,0.6712150221668199,0.8349697927213253
VGG16+Dense+Dropout,84.82142857142857,0.3325429914662246,85.41666666666666,0.3088001862305481,4561.44208407402,44.67075538635254,0.7082441857234155,0.7085288123625444,0.8544904816475484
VGG16+GlobalAveragePooling+Dense,85.0,0.3305335464289327,85.16666666666667,0.3110298548839904,2095.024228572845,45.42531943321228,0.703297069641845,0.7036882118248052,0.8520789060848475
VGG16+Conv2D+GlobalAveragePooling+Dropout+Dense,86.25,0.309468403570748,88.75,0.3042117331367766,625.6190247535706,45.43419694900513,0.7751236819749139,0.7761591910417395,0.8882970438033355
VGG16+LSTM+Dense,85.53571428571428,0.3179749982745697,85.75,0.3305653234524867,1967.319085597992,45.19919466972351,0.7150522404225892,0.7156735267502007,0.8580730760244328
VGG16+GRU+Dense,85.0,0.3195033256848341,86.0,0.3105462884794479,938.2883715629578,44.91087174415589,0.7199657735945504,0.7203661861605857,0.8604234582049199
VGG16+GRU+Dense,83.39285714285715,0.3426865945297485,85.16666666666667,0.3294207451409713,1966.727473258972,37.024309396743774,0.703405834129435,0.7040668619360664,0.8522624862314889
VGG16+Attention Mechanism+Dense,83.21428571428572,0.352838202748004,85.33333333333334,0.3273556977823469,3522.828715324402,45.1470205783844,0.7065231891146784,0.7067157873473601,0.8535642363622202
