Combination,Validation Accuracy,Validation Loss,Test Accuracy,Test Loss,Training time,Inference time,Cohens Kappa,MCC,Balanced Accuracy
VGG16,85.89285714285714,0.327019343241875,85.41666666666666,0.3186305100256479,949.2320609092712,45.15814232826233,0.7082441857234155,0.7085288123625444,0.8544904816475484
VGG16+Dense,85.17857142857143,0.3220611608048348,84.08333333333333,0.3231644598055501,1053.9817082881927,45.57669115066528,0.6812186017012801,0.6812195505055233,0.8405884578155075
VGG16+Dense+Dropout,84.82142857142857,0.3328533578383033,85.58333333333333,0.3051801676547294,729.0545706748962,45.11565542221069,0.7118603605354179,0.7129380455704524,0.8566489391292738
VGG16+GlobalAveragePooling+Dense,85.89285714285714,0.3360114311973282,86.41666666666666,0.3097592603799982,1160.3858528137207,45.717808961868286,0.7284494966042304,0.7293011297331666,0.8648711044849187
VGG16+Conv2D+GlobalAveragePooling+Dropout+Dense,87.85714285714286,0.3067079192471198,88.16666666666667,0.3036622082457116,834.9020266532898,44.91720175743103,0.7631886152648841,0.7633414856350521,0.8818745201882532
VGG16+LSTM+Dense,86.07142857142858,0.3242683948184464,85.83333333333333,0.3367097188736654,934.6174159049988,44.97389531135559,0.7167012920643032,0.7172752015836876,0.8588769345453331
VGG16+GRU+Dense,86.60714285714286,0.320097857956317,85.16666666666667,0.3118233070629489,940.8393490314484,45.114827394485474,0.7031882253546178,0.7033799144761251,0.8518953259382058
VGG16+GRU+Dense,85.35714285714285,0.3303198716130974,86.16666666666667,0.3121286171022633,1764.6832451820374,45.01034593582153,0.7229269595406597,0.7229309876422132,0.8614192414245819
VGG16+Attention Mechanism+Dense,83.03571428571429,0.3876874979831136,84.08333333333333,0.3441880707758224,2482.7629079818726,48.5440571308136,0.6814525319798309,0.6815672369423144,0.8409556181087907
