Combination,Validation Accuracy,Validation Loss,Test Accuracy,Test Loss,Training time,Inference time,Cohens Kappa,MCC,Balanced Accuracy
VGG16,85.71428571428571,0.306632719705095,86.16666666666667,0.3195092832079068,3947.578717708588,45.538774251937866,0.7234009464353158,0.7240807647105353,0.862275948775576
VGG16+Dense,85.17857142857143,0.3224198438637679,84.83333333333334,0.3128464525060935,2213.592791557312,45.55825209617615,0.6965554036480043,0.6968033818717803,0.8486186984723907
VGG16+Dense+Dropout,85.35714285714285,0.3303374438251407,86.0,0.3232434063767669,3583.8523333072662,45.54855036735535,0.7202735103454401,0.7217195813487236,0.8609741986448447
VGG16+GlobalAveragePooling+Dense,85.0,0.3278298721003218,85.75,0.3208027647757444,2492.505820274353,44.87385416030884,0.7149477404190768,0.7153066087667348,0.8578894958777912
VGG16+Conv2D+GlobalAveragePooling+Dropout+Dense,87.14285714285714,0.2819991525384383,88.0,0.2836533247059314,2007.822385787964,45.43063759803772,0.7600586523294306,0.7607729197970616,0.8806339634397357
VGG16+LSTM+Dense,84.46428571428571,0.3413211410864726,85.33333333333334,0.3236780366204811,2179.150137424469,44.7058322429657,0.7067383528470819,0.7074025123984778,0.8539313966555035
VGG16+GRU+Dense,85.71428571428571,0.3213071155256392,84.5,0.3145853472771683,2799.361836194992,45.13542819023132,0.689810439713158,0.6899486120799302,0.8451584908599339
VGG16+Attention Mechanism+Dense,85.89285714285714,0.3327113971699524,84.83333333333334,0.3413008402093608,3867.3954474926,45.133986949920654,0.6972586941092973,0.7000887164582674,0.8497813727344541
VGG16+Attention Mechanism+Dense,82.67857142857142,0.38143080057215695,83.33333333333334,0.3517721002230366,2280.9172830581665,44.87693738937378,0.6672360627370943,0.6695570002742915,0.8346387921538958
