Combination,Validation Accuracy,Validation Loss,Test Accuracy,Test Loss,Training time,Inference time,Cohens Kappa,MCC,Balanced Accuracy
CNN+Dense,68.33333373069763,0.749750554561615,74.22222222222223,0.745461768984863,92.65780901908876,2.2270095348358154,0.4841922717773133,0.4841970586735011,0.7421224534166094
CNN+Dense+Dropout,74.28571581840515,0.7536631226539612,74.22222222222223,0.71262296349102,144.71292400360107,2.378941059112549,0.4841922717773133,0.4841970586735011,0.7421224534166094
CNN+GlobbalAveragePooling+Dense,67.14285612106323,0.6013075709342957,67.55555555555556,0.6024773068891631,143.5310001373291,2.167952299118042,0.3519208100496663,0.3529270994115317,0.67628558299033
CNN+Conv2D+GlobalAveragePooling+Dropout+Dense,56.42856955528259,0.6743047833442688,56.66666666666666,0.6796982832252979,271.2882273197174,5.372029781341553,0.1259742523469209,0.1330954673681085,0.562494132296335
CNN+LSTM+Dense,51.428574323654175,0.6932902336120605,51.22222222222222,0.6934271968073316,232.3035306930542,2.2151589393615723,0.0,0.0,0.5
CNN+GRU+Dense,51.428574323654175,0.6903025507926941,51.22222222222222,0.693463073944052,110.82229208946228,2.6081581115722656,0.0,0.0,0.5
CNN+Attention Mechanism+Dense,58.80952477455139,0.6515608429908752,57.77777777777777,0.694069095652368,109.43599724769592,2.3381147384643555,0.1483851689534101,0.1567732536166354,0.5736118866087885
CNN+Capsule Network+Dense,71.66666388511658,0.5348835587501526,73.66666666666667,0.5291611591643758,92.86718845367432,2.2693915367126465,0.4713807050239899,0.47523713180678445,0.7349601490273201
