Combination,Validation Accuracy,Validation Loss,Test Accuracy,Test Loss,Training time,Inference time,Cohens Kappa,MCC,Balanced Accuracy
CNN+Dense,69.76190209388733,0.5994444489479065,71.88888888888889,0.6521751637381346,156.51527166366577,2.258157253265381,0.4366148395205906,0.4374061468639723,0.7179870441103079
CNN+Dense+Dropout,72.6190447807312,0.6724366545677185,67.77777777777779,0.6677412619578066,144.5043716430664,2.37720251083374,0.3557305423218385,0.3559554902543708,0.6780199526630728
CNN+GlobbalAveragePooling+Dense,56.66666626930237,0.68804931640625,57.22222222222222,0.6871464586257935,143.94461274147034,2.152635097503662,0.1378881369426752,0.1440280066966106,0.5684606604440184
CNN+Conv2D+GlobalAveragePooling+Dropout+Dense,57.14285969734192,0.6881940960884094,55.888888888888886,0.6897831609514025,543.0867640972137,5.417479515075684,0.1115034565076837,0.1156814968504432,0.5553911225967121
CNN+LSTM+Dense,51.428574323654175,0.6928029656410217,51.22222222222222,0.6928784822755389,270.77013874053955,2.232701778411865,0.0,0.0,0.5
CNN+GRU+Dense,58.80952477455139,0.6502646207809448,57.333333333333336,0.6708405315017121,111.00952482223512,2.61469841003418,0.1383823727393756,0.1491118364312657,0.5685668967630041
CNN+Attention Mechanism+Dense,48.571428656578064,0.6853278875350952,48.77777777777778,0.6847988377480457,127.23326086997986,2.279510021209717,0.0,0.0,0.5
CNN+Capsule Network+Dense,64.76190686225891,0.6228107213973999,65.22222222222223,0.6267625243299537,324.00118374824524,2.2671854496002197,0.30715424119001233,0.31247331204108914,0.6542699588396029
