Combination,Validation Accuracy,Validation Loss,Test Accuracy,Test Loss,Training time,Inference time,Cohens Kappa,MCC,Balanced Accuracy
CNN+Dense,72.14285731315613,0.6443788409233093,75.22222222222223,0.6748644416620603,125.71130514144896,2.232832908630371,0.505197033647588,0.5070992608371716,0.7531339714100771
CNN+Dense+Dropout,74.28571581840515,0.6808089017868042,72.77777777777777,0.6611236884535033,192.71792602539065,2.3810555934906006,0.4553780491419426,0.4554061798368405,0.7277509030087115
CNN+GlobbalAveragePooling+Dense,66.66666865348816,0.6059039831161499,67.22222222222223,0.6053496587235067,560.8529739379883,2.159414529800415,0.3457239176721078,0.3476177009124897,0.6733035542225231
CNN+Conv2D+GlobalAveragePooling+Dropout+Dense,56.66666626930237,0.6747660040855408,56.66666666666666,0.6821800510916445,859.9758977890015,5.335355997085571,0.1269308260577569,0.1321233692209374,0.5630376669516106
CNN+LSTM+Dense,51.428574323654175,0.6927981972694397,51.22222222222222,0.6928714676698049,271.0052185058594,2.227069854736328,0.0,0.0,0.5
CNN+GRU+Dense,58.80952477455139,0.6495296359062195,57.77777777777777,0.6702358097427835,110.6903944015503,2.593468427658081,0.1482918519920507,0.1569320756295047,0.5735575331432609
CNN+Attention Mechanism+Dense,59.04762148857117,0.6445326209068298,56.11111111111112,0.6952775606630069,326.83203315734863,2.3022594451904297,0.1248843025660214,0.1262832923634439,0.5626695457532649
CNN+Capsule Network+Dense,73.57142567634583,0.5255782008171082,74.55555555555556,0.5223520392924548,293.6615161895752,2.2751824855804443,0.48972517949987615,0.4915849415886265,0.7443435336670307
