Combination,Validation Accuracy,Validation Loss,Test Accuracy,Test Loss,Training time,Inference time,Cohens Kappa,MCC,Balanced Accuracy
CNN+Dense,61.42857074737549,0.6286654472351074,60.55555555555555,0.679563983136056,260.2311041355133,2.6003220081329346,0.2049786501308861,0.2144133240012857,0.6017595699158509
CNN+Dense+Dropout,69.9999988079071,0.6254242062568665,65.77777777777779,0.6714584522703739,481.3542854785919,2.4944963455200195,0.3152951986681356,0.3153076649922596,0.6576818741074915
CNN+GlobbalAveragePooling+Dense,55.000001192092896,0.68968665599823,56.11111111111112,0.6892164667447408,178.97194480895996,2.208970785140991,0.1137492271793542,0.1224492886155434,0.5563645437520691
CNN+Conv2D+GlobalAveragePooling+Dropout+Dense,56.190478801727295,0.689052402973175,55.55555555555556,0.6906404336955813,718.7271840572357,5.382826566696167,0.1028752847124965,0.1100143979818777,0.5509959037251889
CNN+LSTM+Dense,51.428574323654175,0.6927911639213562,51.22222222222222,0.6928483692142698,348.82124638557434,2.343994379043579,0.0,0.0,0.5
CNN+GRU+Dense,58.80952477455139,0.6698299050331116,55.66666666666666,0.6774191275570127,236.78811192512512,2.90120816230774,0.1017200148087371,0.1183409983159296,0.5502324845957337
CNN+Attention Mechanism+Dense,48.571428656578064,0.6858202219009399,48.77777777777778,0.6851249278750684,216.87200665473935,2.359600782394409,0.0,0.0,0.5
CNN+Capsule Network+Dense,51.428574323654175,0.6924296617507935,51.22222222222222,0.6924926191568375,98.95337009429932,2.3602328300476074,0.0,0.0,0.5
