Combination,Validation Accuracy,Validation Loss,Test Accuracy,Test Loss,Training time,Inference time,Cohens Kappa,MCC,Balanced Accuracy
VGG16,85.95238095238096,0.3662487140892909,86.77777777777777,0.2828516651743316,803.8596587181091,34.61208915710449,0.735383064516129,0.7353848826530553,0.8676715469490413
VGG16+Dense,82.85714285714286,0.3771976547092328,87.66666666666667,0.2956326155384805,474.5450620651245,34.06522607803345,0.7531456020875135,0.7531623647012384,0.8765113969334763
VGG16+Dense+Dropout,84.04761904761905,0.3699831595356098,86.77777777777777,0.3011462064333167,476.19626688957214,34.15145993232727,0.7352679454221871,0.7354153633796998,0.867454133086931
VGG16+GlobalAveragePooling+Dense,84.28571428571429,0.3638889104021588,88.0,0.2947052355200751,1576.8698794841766,34.19882559776306,0.7596997730497856,0.7599707096167451,0.8796021326323383
VGG16+Conv2D+GlobalAveragePooling+Dropout+Dense,86.66666666666667,0.332791421405499,89.55555555555556,0.2626708089332918,635.8146569728851,34.22377038002014,0.7909407665505226,0.7909720664344094,0.8953844025318832
VGG16+LSTM+Dense,83.57142857142857,0.3774230300943371,87.33333333333333,0.2951636014079316,713.8791592121124,34.13312530517578,0.7466253759871979,0.746743427688136,0.8734750147001418
VGG16+GRU+Dense,84.76190476190476,0.3673667811756583,87.1111111111111,0.2972780527860955,486.7789177894592,34.05428957939148,0.7421521894835634,0.7422182032234813,0.8711971103721237
VGG16+Attention Mechanism+Dense,82.61904761904762,0.4106672166051117,87.22222222222223,0.3017788506818681,950.4114651679992,34.04732418060303,0.7442777514231499,0.7442795915510079,0.8721186486740224
VGG16+Capsule Network+Dense,82.61904761904762,0.38272893827041254,86.55555555555556,0.3217459789948678,1031.438218832016,29.111656188964844,0.7310818953170222,0.7312281873703537,0.8657197634141882
