Combination,Validation Accuracy,Validation Loss,Test Accuracy,Test Loss,Training time,Inference time,Cohens Kappa,MCC,Balanced Accuracy
VGG16,85.0,0.3633390654360941,87.55555555555556,0.2855323726723608,2878.156411886215,27.12952375411988,0.7509623034010445,0.7509623034010445,0.8754811517005223
VGG16+Dense,82.61904761904762,0.3757010920781283,86.66666666666667,0.291611499925509,1527.1618194580078,34.530816316604614,0.7330287883956513,0.7332102641717114,0.8663151809229219
VGG16+Dense+Dropout,85.23809523809524,0.3695000661109398,86.55555555555556,0.3048999170175028,3084.5614247322083,34.01579284667969,0.730964968624932,0.7309667754458311,0.865502349552078
VGG16+GlobalAveragePooling+Dense,84.04761904761905,0.3704026095577297,86.77777777777777,0.3066051975759298,1188.251762151718,34.17098927497864,0.7354118286476605,0.73541364646044,0.8677259004145688
VGG16+Conv2D+GlobalAveragePooling+Dropout+Dense,85.95238095238096,0.3230973348815311,88.55555555555556,0.2778638959533252,1190.7793128490448,34.2576470375061,0.7705627277047362,0.7726531007976327,0.8845902984005258
VGG16+LSTM+Dense,82.14285714285714,0.3671527969362369,87.33333333333333,0.2973523706651348,1255.091428756714,34.248223304748535,0.7465152016760632,0.7465152016760632,0.8732576008380316
VGG16+GRU+Dense,85.23809523809524,0.3659088878700869,86.44444444444444,0.2994600551970884,2374.256488323212,34.13965201377869,0.7287562808484147,0.7287634855909643,0.8644177508535964
VGG16+Attention Mechanism+Dense,81.66666666666667,0.4088803638826195,86.22222222222223,0.3231893878348212,2059.241004943848,34.08055329322815,0.7243396254378208,0.7243682647973314,0.8622485534566333
VGG16+Capsule Network+Dense,82.85714285714286,0.3883470425547671,86.8888888888889,0.3172544869981489,1175.2085008621216,26.65569305419922,0.7377065375781077,0.7377721558814656,0.8689735595096328
