Combination,Validation Accuracy,Validation Loss,Test Accuracy,Test Loss,Training time,Inference time,Cohens Kappa,MCC,Balanced Accuracy
VGG16,85.0,0.3632181062850924,87.33333333333333,0.2862803616582444,556.0233397483826,34.63351535797119,0.746542754235404,0.7465501348213252,0.8733119543035592
VGG16+Dense,83.0952380952381,0.376830343585185,87.44444444444444,0.2986287336367018,1410.648951292038,34.0454306602478,0.7484790028194094,0.7491492445682818,0.8738530183467652
VGG16+Dense+Dropout,85.95238095238096,0.3679402416822129,86.55555555555556,0.2984235639785771,475.0528790950775,34.11019229888916,0.7309064671404426,0.7309227347821096,0.8653936426210229
VGG16+GlobalAveragePooling+Dense,83.57142857142857,0.3670078948613975,87.0,0.2957595956343913,792.6199669837952,34.44627833366394,0.7400847131305353,0.7406130440902953,0.8703842790012798
VGG16+Conv2D+GlobalAveragePooling+Dropout+Dense,86.66666666666667,0.327418176113087,89.44444444444444,0.2681133859708253,634.476057767868,34.341606855392456,0.7887741489204012,0.7887760986357475,0.8944085107644568
VGG16+LSTM+Dense,83.33333333333334,0.3663602792519793,87.44444444444444,0.2924617646506284,555.4653222560883,34.14903211593628,0.7485337315912844,0.7489511096433726,0.8739617252778203
VGG16+GRU+Dense,84.76190476190476,0.3682354104249511,86.77777777777777,0.2969321101489467,633.4478030204773,34.26219296455383,0.7350662458070709,0.7360318249954103,0.8670736588282382
VGG16+Attention Mechanism+Dense,82.14285714285714,0.4074554594666251,87.33333333333333,0.3101518656591767,871.4065942764282,33.95164656639099,0.7466529046022253,0.7468373516988068,0.8735293681656693
VGG16+Capsule Network+Dense,82.38095238095238,0.3722764680985296,85.22222222222223,0.33181912251548396,709.7950165271759,27.299211263656616,0.7040908147020143,0.7043017711536501,0.8518349235839687
