Combination,Validation Accuracy,Validation Loss,Test Accuracy,Test Loss,Training time,Inference time,Cohens Kappa,MCC,Balanced Accuracy
VGG16,84.52380952380952,0.3696744609705966,86.66666666666667,0.286903251842101,482.41693115234375,34.57599139213562,0.7334636399982231,0.7341884136062243,0.867130482905835
VGG16+Dense,83.57142857142857,0.3798648627128975,88.22222222222223,0.2952623355906951,475.26031398773193,34.018049240112305,0.7642779839590427,0.7642855431680106,0.8820974508224668
VGG16+Dense+Dropout,84.52380952380952,0.3738331232897066,87.0,0.2996033397971162,633.5644209384918,34.07548475265503,0.7396605945528987,0.7399702437341561,0.8695689770183666
VGG16+GlobalAveragePooling+Dense,84.52380952380952,0.365213006888454,87.8888888888889,0.2937939629515803,475.3480370044708,34.130552530288696,0.7573295864955523,0.7583244106921537,0.8781914131406915
VGG16+Conv2D+GlobalAveragePooling+Dropout+Dense,86.42857142857143,0.3356009377789742,89.33333333333333,0.2597446955726659,555.4737546443939,34.035362243652344,0.7865623193561296,0.7865700955896373,0.8933239120659753
VGG16+LSTM+Dense,83.0952380952381,0.3721795801373118,86.44444444444444,0.3208907222689569,1178.1346185207367,34.32311964035034,0.7283724612225713,0.7294145511256908,0.8637111558017383
VGG16+GRU+Dense,84.76190476190476,0.3670413261249456,86.77777777777777,0.292923332164292,711.4835398197174,33.91545104980469,0.7352967345849275,0.7353858868488578,0.8675084865524585
VGG16+Attention Mechanism+Dense,82.38095238095238,0.4134850893583484,87.55555555555556,0.3018624336051375,871.8241593837738,34.06582283973694,0.7509352283340829,0.7509426555744737,0.8754267982349948
VGG16+Capsule Network+Dense,83.57142857142857,0.3790224552867792,86.0,0.32155167798748835,791.7784850597382,27.61765146255493,0.7198325913261752,0.7198325913261752,0.8599162956630876
