Combination,Validation Accuracy,Validation Loss,Test Accuracy,Test Loss,Training time,Inference time,Cohens Kappa,MCC,Balanced Accuracy
CNN+Dense,66.42857193946838,0.6667701005935669,63.83333333333333,0.7101511590239902,66.09907078742981,1.528941631317139,0.2770361815072295,0.2780021590486854,0.6385950486688297
CNN+Dense+Dropout,66.07142686843872,0.6893767714500427,60.83333333333333,0.832451322093242,121.22149610519408,1.616062879562378,0.2157429861837274,0.2189374010770864,0.6077492332992578
CNN+GlobbalAveragePooling+Dense,73.57142567634583,0.5439860820770264,69.33333333333334,0.622411317079239,219.9533998966217,1.4785513877868652,0.3861483030114319,0.3889637676263217,0.6929196853193476
CNN+Conv2D+GlobalAveragePooling+Dropout+Dense,62.14285492897034,0.66298508644104,55.833333333333336,0.6814712284678135,433.1044542789459,3.008700132369995,0.1165685076119568,0.1165743377701217,0.5582803680163563
CNN+LSTM+Dense,52.14285850524902,0.6919698715209961,50.33333333333333,0.6933889968593447,162.53421092033386,1.5448968410491943,0.0,0.0,0.5
CNN+GRU+Dense,73.57142567634583,0.6615013480186462,67.0,0.8149426588013676,78.89354228973389,1.7609708309173584,0.339236451010056,0.3440599352635674,0.6694297524334415
CNN+Attention Mechanism+Dense,76.07142925262451,0.5192484259605408,67.83333333333333,0.6434810271571121,77.11764287948608,1.5172202587127686,0.3573093573093573,0.3617676555413204,0.6788412818347482
CNN+Capsule Network+Dense,76.07142925262451,0.5052782893180847,73.5,0.5402600667841844,66.6678147315979,1.5515389442443848,0.4692569597436411,0.4792980969816559,0.7343104137961687
