Combination,Validation Accuracy,Validation Loss,Test Accuracy,Test Loss,Training time,Inference time,Cohens Kappa,MCC,Balanced Accuracy
CNN+Dense,64.64285850524902,0.6450279951095581,60.5,0.7000533779735961,66.13834142684937,1.5376241207122805,0.2093147394408487,0.2109279164922602,0.6045713142806347
CNN+Dense+Dropout,65.71428775787354,0.6502169966697693,58.16666666666666,0.7835363410892677,138.58409142494202,1.6199140548706057,0.1611897070290743,0.1740792532585358,0.580392461887195
CNN+GlobbalAveragePooling+Dense,72.14285731315613,0.5586416721343994,65.0,0.6376396547493236,257.0360803604126,1.4629082679748535,0.2995018679950187,0.3010128675495607,0.6496510956042492
CNN+Conv2D+GlobalAveragePooling+Dropout+Dense,61.07142567634583,0.6767913699150085,56.833333333333336,0.6836386224925864,307.00233936309814,3.538501262664795,0.134994322356556,0.1407863910114114,0.5673696608738166
CNN+LSTM+Dense,50.35714507102966,0.6923513412475586,51.0,0.6922314811871736,162.38085865974426,1.548982858657837,0.0250265298903429,0.0396784361106596,0.5125783368149696
CNN+GRU+Dense,71.42857313156128,0.6373236775398254,67.66666666666666,0.701650424916384,117.78724813461304,1.772321701049805,0.3536493269956909,0.3547853496161605,0.6769189741766302
CNN+Attention Mechanism+Dense,72.14285731315613,0.5173201560974121,64.0,0.6391742434399742,117.61818265914916,1.4486844539642334,0.2788461538461538,0.2867881770551692,0.6392061869416419
CNN+Capsule Network+Dense,75.0,0.5098373293876648,73.83333333333333,0.552412948550666,65.10844254493713,1.543703556060791,0.4757463101889985,0.4922973461792742,0.7374661096048714
