Combination,Validation Accuracy,Validation Loss,Test Accuracy,Test Loss,Training time,Inference time,Cohens Kappa,MCC,Balanced Accuracy
CNN+Dense,61.78571581840515,0.6472493410110474,61.16666666666667,0.691376880123572,155.42670583724976,1.5712497234344482,0.2224867077484372,0.2252746093262384,0.6111271612071647
CNN+Dense+Dropout,63.928574323654175,0.6334848999977112,58.16666666666666,0.7463989798512669,294.4599492549896,1.635707139968872,0.1621603578343012,0.1656302571586914,0.5809702653451264
CNN+GlobbalAveragePooling+Dense,62.14285492897034,0.6228755116462708,59.16666666666666,0.6615621577143249,456.7493965625763,1.4765572547912598,0.1842578411134047,0.1871955731557666,0.59223743277479
CNN+Conv2D+GlobalAveragePooling+Dropout+Dense,58.92857313156128,0.6812893748283386,55.16666666666666,0.6869892373931734,741.7034814357758,3.5732979774475098,0.103432951894234,0.1034611138836828,0.5517245210898263
CNN+LSTM+Dense,61.78571581840515,0.6763655543327332,57.99999999999999,0.682176748272773,244.3728556632996,1.6990156173706057,0.1592152675830775,0.1606523860515923,0.579536868305258
CNN+GRU+Dense,69.9999988079071,0.618865430355072,65.0,0.6673833758832048,248.7267186641693,1.9057776927948,0.3011182108626198,0.3106871918097666,0.6508067025201121
CNN+Attention Mechanism+Dense,72.50000238418579,0.5281250476837158,64.33333333333333,0.6072405669301062,600.089953660965,1.581110954284668,0.2856189077313393,0.2923694263998921,0.6426063380594693
CNN+Capsule Network+Dense,80.71428537368774,0.47920292615890503,73.66666666666667,0.5423799753110662,287.0889856815338,1.4931435585021973,0.47340354619384084,0.4735719123546811,0.736743855282457
