Combination,Validation Accuracy,Validation Loss,Test Accuracy,Test Loss,Training time,Inference time,Cohens Kappa,MCC,Balanced Accuracy
VGG16,81.78571428571428,0.4176169777186909,85.5,0.3186939123742601,460.5178112983704,22.05660820007324,0.7099161980127593,0.7103941775998875,0.8548713276145606
VGG16+Dense,81.78571428571428,0.4513067107818876,82.33333333333334,0.3731624639747338,307.07679867744446,21.911216020584103,0.6461319326982997,0.6624108624595582,0.8225921152051202
VGG16+Dense+Dropout,81.78571428571428,0.4149224457074486,86.33333333333333,0.321662176324384,614.6890776157379,22.00410914421081,0.7265937583355562,0.7269979739651379,0.8632161429396862
VGG16+GlobalAveragePooling+Dense,83.92857142857143,0.3924254433889858,85.0,0.3237936930845075,563.5177581310272,22.090680837631226,0.6998666073810582,0.7011309054768377,0.8497933241477399
VGG16+Conv2D+GlobalAveragePooling+Dropout+Dense,84.28571428571429,0.4412117802772995,85.16666666666667,0.3156506099293638,513.4688537120819,22.037060260772705,0.7030892066810488,0.707931568044768,0.8512711676074491
VGG16+LSTM+Dense,82.14285714285714,0.3945573596681042,85.5,0.3280144270772575,307.3506352901459,22.02249550819397,0.7100322186423731,0.710225541171447,0.8550713365038446
VGG16+GRU+Dense,83.92857142857143,0.414635119319082,84.16666666666667,0.3312574831962961,460.1975054740906,21.999840021133423,0.6830163496830164,0.6901569346627054,0.841181830303569
VGG16+Attention Mechanism+Dense,83.21428571428572,0.4020123854338867,84.5,0.3174985153972495,410.4967534542084,22.061883687973022,0.6898828446301937,0.6907474728535858,0.8448264367305214
VGG16+Capsule Network+Dense,83.21428571428572,0.420492772762114,81.33333333333333,0.4449474804304903,358.7519521713257,22.05082631111145,0.6261682242990654,0.6382423440793018,0.8126805635806036
