Combination,Validation Accuracy,Validation Loss,Test Accuracy,Test Loss,Training time,Inference time,Cohens Kappa,MCC,Balanced Accuracy
VGG16,82.5,0.4143887154868789,85.33333333333334,0.3285172343606598,461.0548524856568,22.027602434158325,0.7064970872059412,0.7087714279361302,0.8530601360060448
VGG16+Dense,81.78571428571428,0.4349364025894348,85.0,0.337712016182514,296.55890250205994,21.94314169883728,0.6998666073810582,0.7011309054768377,0.8497933241477399
VGG16+Dense+Dropout,82.14285714285714,0.4076986596491367,85.0,0.3357873359562079,513.0063259601593,21.949870109558105,0.699759807846277,0.7043049219525765,0.8496155384683763
VGG16+GlobalAveragePooling+Dense,85.0,0.3906791507840645,85.0,0.3363156347000378,716.3870391845703,22.02932119369507,0.6997731619445804,0.7037945164591181,0.8496377616782969
VGG16+Conv2D+GlobalAveragePooling+Dropout+Dense,83.21428571428572,0.4429555060935971,84.66666666666667,0.3160115283083379,308.5006673336029,22.010473012924194,0.6931969764339707,0.6944492259456099,0.8464598426596738
VGG16+LSTM+Dense,81.07142857142857,0.3948165165321952,85.0,0.3268894227183123,461.2779960632324,22.15795636177063,0.6999333185152257,0.7001824272637183,0.8499044401973421
VGG16+GRU+Dense,84.28571428571429,0.417211512963266,84.0,0.3219251604569298,665.7366795539856,22.03613471984864,0.6798861817535123,0.6806282421083562,0.8398373261033824
VGG16+Attention Mechanism+Dense,82.14285714285714,0.4019617117011287,84.5,0.3196598549386442,410.5001182556152,22.02294087409973,0.6899104185653633,0.6903749284581429,0.8448708831503622
VGG16+Capsule Network+Dense,82.5,0.40794244241785477,84.16666666666667,0.3732284477570526,305.4522931575775,22.066418170928955,0.6832981442382486,0.6833323193026486,0.8416262945019779
