Combination,Validation Accuracy,Validation Loss,Test Accuracy,Test Loss,Training time,Inference time,Cohens Kappa,MCC,Balanced Accuracy
VGG16,82.14285714285714,0.420795954893425,85.33333333333334,0.3180147020070415,410.04599118232727,21.98153328895569,0.7065362383281458,0.7078125850080654,0.853126805635806
VGG16+Dense,80.71428571428572,0.4523712960886816,86.0,0.3261629768431358,307.17458510398865,22.05548119544983,0.7200124438913826,0.7200764478421263,0.8600382239210631
VGG16+Dense+Dropout,81.78571428571428,0.4176919237936482,85.33333333333334,0.3200233541368504,307.3028945922852,22.09006929397583,0.7065231891146784,0.7081000402023834,0.8531045824258856
VGG16+GlobalAveragePooling+Dense,83.21428571428572,0.4029735588623335,85.16666666666667,0.3218521301212479,307.1645197868347,21.99162793159485,0.7033531097926804,0.7034508050517775,0.8517156318058581
VGG16+Conv2D+GlobalAveragePooling+Dropout+Dense,83.57142857142857,0.472262247974673,86.66666666666667,0.314748841928326,307.9779419898987,22.06997561454773,0.733155436957972,0.7363740700299637,0.8663496155384685
VGG16+LSTM+Dense,81.07142857142857,0.4022281151797119,85.0,0.3409928166244843,409.54673409461975,21.98953890800476,0.6999599946659554,0.7000222382285894,0.8499488866171829
VGG16+GRU+Dense,82.85714285714286,0.4184164910235328,84.33333333333334,0.3190303785812352,408.95135974884033,21.94732689857483,0.6865134065543155,0.6880455988850523,0.8431041379616873
VGG16+Attention Mechanism+Dense,83.57142857142857,0.4003090724000605,85.0,0.3198793842884619,461.578263759613,21.991103649139404,0.6998132171128703,0.702459614213084,0.8497044313080582
VGG16+Capsule Network+Dense,82.85714285714286,0.4503007986173944,82.16666666666667,0.43088259444102905,307.4397339820862,22.065205335617065,0.6429127639219525,0.6524321005387819,0.8210920485354904
