Combination,Validation Accuracy,Validation Loss,Test Accuracy,Test Loss,Training time,Inference time,Cohens Kappa,MCC,Balanced Accuracy
CNN+Dense,67.87974834442139,0.6187207102775574,70.77490774907749,0.6040537813881152,320.10137915611267,3.407073736190796,0.4172169606394994,0.4198513552917039,0.7095946258571697
CNN+Dense+Dropout,73.89240264892578,0.5621771812438965,78.15498154981549,0.5091318662821427,718.013256072998,3.842921733856201,0.562923231499866,0.5632204942310509,0.7818467723278786
CNN+GlobbalAveragePooling+Dense,64.55696225166321,0.6289194822311401,61.18081180811809,0.6417089908233828,975.0719892978668,3.3083903789520264,0.2250357184019902,0.2258618624453944,0.6129237833756007
CNN+Conv2D+GlobalAveragePooling+Dropout+Dense,58.386075496673584,0.6776235103607178,58.67158671586717,0.6766730418491631,2547.2168531417847,7.924245357513428,0.1609016436950405,0.1696907537825544,0.5793899527274473
CNN+LSTM+Dense,49.84177350997925,0.6911553144454956,47.89667896678967,0.6925112053072695,695.3209891319275,3.5138914585113525,0.0,0.0,0.5
CNN+GRU+Dense,79.11392450332642,0.4749394059181213,78.00738007380073,0.5020480248396568,500.7682671546936,4.028616666793823,0.5620375411887971,0.5679592983379559,0.7827317686394846
CNN+Attention Mechanism+Dense,49.84177350997925,0.6913951635360718,47.89667896678967,0.6933664691179668,244.86034536361691,3.473698139190674,0.0,0.0,0.5
CNN+Capsule Network+Dense,77.21518874168396,0.4674415588378906,76.82656826568265,0.49678761818092887,599.2146594524384,3.4749932289123535,0.5336793811472624,0.5365867094659029,0.7656778569776121
