Combination,Validation Accuracy,Validation Loss,Test Accuracy,Test Loss,Training time,Inference time,Cohens Kappa,MCC,Balanced Accuracy
CNN+Dense,75.79113841056824,0.679781436920166,76.16236162361623,0.7719878365241838,160.93784642219543,3.333979368209839,0.5226692958127431,0.5227155310757661,0.7614809447526594
CNN+Dense+Dropout,79.7468364238739,0.6746767163276672,79.40959409594096,0.6097140398243798,215.85490441322327,3.574078321456909,0.5880512019736319,0.5883905886095682,0.7944462389293618
CNN+GlobbalAveragePooling+Dense,77.21518874168396,0.4752013087272644,76.97416974169742,0.5179233392527148,565.237455368042,3.2336127758026123,0.5404392981144054,0.5427070931361743,0.7712617362951064
CNN+Conv2D+GlobalAveragePooling+Dropout+Dense,61.70886158943176,0.6409169435501099,59.85239852398524,0.654637140374979,735.9421977996826,7.860470056533813,0.1864143379682874,0.1937289852604841,0.5921520142123206
CNN+LSTM+Dense,50.15822649002075,0.693138837814331,52.103321033210335,0.6930066543739499,462.23631525039673,3.3752634525299072,0.0,0.0,0.5
CNN+GRU+Dense,81.32911324501038,0.4969481527805328,80.29520295202953,0.5520541948165844,167.2816128730774,3.866614580154419,0.6057204509663955,0.6060119117870767,0.8032558261347813
CNN+Attention Mechanism+Dense,61.86708807945252,0.6466063261032104,60.88560885608856,0.6581757080402173,352.59081530570984,3.417714357376098,0.2056530645653684,0.2173581968966793,0.6014450211045976
CNN+Capsule Network+Dense,80.0632894039154,0.46739912033081055,78.08118081180811,0.537846560795913,206.97532176971436,3.3617491722106934,0.5621265914236938,0.5634810056521017,0.7818849657568628
