Combination,Validation Accuracy,Validation Loss,Test Accuracy,Test Loss,Training time,Inference time,Cohens Kappa,MCC,Balanced Accuracy
CNN+Dense,75.79113841056824,0.615021824836731,74.90774907749078,0.7094463566127667,138.5190875530243,3.3484575748443604,0.4987618645579922,0.5000153256806188,0.7501254926952339
CNN+Dense+Dropout,78.32278609275818,0.6654702425003052,79.48339483394834,0.5845225626343702,251.9116015434265,3.555670022964477,0.5895022241789282,0.5898135224721823,0.7951544542268123
CNN+GlobbalAveragePooling+Dense,71.04430198669434,0.5346850752830505,71.66051660516605,0.5726328740961134,214.4633820056916,3.227301359176636,0.4272177259557379,0.4368491016250163,0.7117487352518802
CNN+Conv2D+GlobalAveragePooling+Dropout+Dense,61.23417615890503,0.6448055505752563,59.2619926199262,0.6579886050048521,1807.0564713478088,7.910983562469482,0.1778635620196619,0.1805790041159846,0.5882901129216009
CNN+LSTM+Dense,50.15822649002075,0.693139374256134,52.103321033210335,0.6929305925965641,635.0648908615112,3.341874122619629,0.0,0.0,0.5
CNN+GRU+Dense,80.53797483444214,0.493067592382431,79.40959409594096,0.5103149105230443,166.833642244339,3.8913753032684326,0.586303912245588,0.5876134722517472,0.7923314142044636
CNN+Attention Mechanism+Dense,52.37341523170471,0.6852086782455444,53.284132841328415,0.6857837629270471,189.75763630867004,3.4329171180725098,0.0284317778923104,0.0665133033656433,0.5136950723929166
CNN+Capsule Network+Dense,78.48101258277893,0.46603670716285706,77.7859778597786,0.4947290743422012,138.19280529022217,3.3738529682159424,0.5537383867815835,0.5548671007736519,0.7761286703885254
