Combination,Validation Accuracy,Validation Loss,Test Accuracy,Test Loss,Training time,Inference time,Cohens Kappa,MCC,Balanced Accuracy
VGG16,80.71428571428572,0.4147766506147257,82.66666666666667,0.3572345429020534,422.9213037490845,11.37931752204895,0.6533333333333333,0.6542645054906658,0.8266666666666667
VGG16+Dense,75.0,0.4405751022217213,81.0,0.369806984680263,184.996146440506,11.308814525604248,0.62,0.6200137782370541,0.81
VGG16+Dense+Dropout,75.71428571428571,0.4397175577758331,81.66666666666667,0.3521788907681158,317.76237750053406,11.424383163452148,0.6333333333333333,0.6336854786668166,0.8166666666666667
VGG16+GlobalAveragePooling+Dense,80.71428571428572,0.4100893005111276,82.0,0.4065145579259022,291.423853635788,11.317323446273804,0.64,0.64576588223646,0.8200000000000001
VGG16+Conv2D+GlobalAveragePooling+Dropout+Dense,85.0,0.403748693811185,85.66666666666667,0.3355748051138549,291.6961534023285,11.347980737686155,0.7133333333333334,0.7133491857135997,0.8566666666666667
VGG16+LSTM+Dense,80.0,0.4121304031443027,82.33333333333334,0.3564837674427583,212.40547251701355,11.348596572875977,0.6466666666666667,0.6470262255861179,0.8233333333333333
VGG16+GRU+Dense,81.42857142857143,0.3883290699596135,82.0,0.3658331126167577,159.1860475540161,11.59697413444519,0.64,0.64,0.82
VGG16+Attention Mechanism+Dense,80.71428571428572,0.4189230949135838,82.33333333333334,0.3595013709274379,212.04618644714355,11.421530485153198,0.6466666666666667,0.6530987069578112,0.8233333333333333
VGG16+Capsule Network+Dense,80.71428571428572,0.44237451882944906,81.0,0.39733605213525447,178.39525389671326,11.532101392745972,0.62,0.6201240372124043,0.81
