Combination,Validation Accuracy,Validation Loss,Test Accuracy,Test Loss,Training time,Inference time,Cohens Kappa,MCC,Balanced Accuracy
VGG16,80.0,0.4201182799526624,83.66666666666667,0.350412855228019,184.9345815181732,11.393307447433472,0.6733333333333333,0.6751511871569658,0.8366666666666667
VGG16+Dense,77.85714285714286,0.4458009823776963,81.33333333333333,0.3658409738414542,158.6984100341797,11.3766770362854,0.6266666666666667,0.6280639184941973,0.8133333333333334
VGG16+Dense+Dropout,79.28571428571428,0.4400557761449162,82.0,0.3415325302537007,237.8806509971619,11.395712852478027,0.64,0.640227676990482,0.8200000000000001
VGG16+GlobalAveragePooling+Dense,82.85714285714286,0.4050456287835719,83.0,0.3767211870550786,211.8648407459259,11.39799690246582,0.6599999999999999,0.6601320396132045,0.83
VGG16+Conv2D+GlobalAveragePooling+Dropout+Dense,82.85714285714286,0.4287138645578082,83.66666666666667,0.3515332112600415,159.8941445350647,11.537700891494753,0.6733333333333333,0.6734680404134713,0.8366666666666667
VGG16+LSTM+Dense,79.28571428571428,0.4143419341061179,82.66666666666667,0.3513208659215153,185.6178686618805,11.39247703552246,0.6533333333333333,0.6533333333333333,0.8266666666666667
VGG16+GRU+Dense,80.71428571428572,0.3928474970427956,82.66666666666667,0.3559398407520239,264.805463552475,11.453564882278442,0.6533333333333333,0.6535657535944505,0.8266666666666667
VGG16+Attention Mechanism+Dense,79.28571428571428,0.4299621684819848,82.66666666666667,0.3489768509271089,159.0007357597351,11.375374794006348,0.6533333333333333,0.6538566280374392,0.8266666666666667
VGG16+Capsule Network+Dense,82.14285714285714,0.44143014881117243,82.66666666666667,0.38069501685880663,187.26181292533875,11.479701519012451,0.6533333333333333,0.6570820940029533,0.8266666666666667
