Combination,Validation Accuracy,Validation Loss,Test Accuracy,Test Loss,Training time,Inference time,Cohens Kappa,MCC,Balanced Accuracy
VGG16,81.42857142857143,0.4195421834001497,83.33333333333334,0.3559667189974625,211.65985941886905,11.319788694381714,0.6666666666666667,0.66881029492094,0.8333333333333333
VGG16+Dense,75.71428571428571,0.4424565589506566,82.33333333333334,0.363126794791642,185.1767499446869,11.32440972328186,0.6466666666666667,0.6467960388129378,0.8233333333333334
VGG16+Dense+Dropout,78.57142857142857,0.4375029188348543,84.0,0.3438373166200863,238.54035902023315,11.419916152954102,0.6799999999999999,0.6800604525048979,0.8400000000000001
VGG16+GlobalAveragePooling+Dense,82.85714285714286,0.4083945177098331,82.66666666666667,0.38573355465643,158.90723419189453,11.442119121551514,0.6533333333333333,0.6538566280374392,0.8266666666666667
VGG16+Conv2D+GlobalAveragePooling+Dropout+Dense,84.28571428571429,0.4158961425398256,84.66666666666667,0.3425632586250074,159.47144293785095,11.461978912353516,0.6933333333333334,0.6948792289723034,0.8466666666666667
VGG16+LSTM+Dense,80.0,0.4155513828216134,83.33333333333334,0.3562466503384391,159.09723210334778,11.363306045532228,0.6666666666666667,0.6676168423374141,0.8333333333333333
VGG16+GRU+Dense,81.42857142857143,0.39071350138499,81.66666666666667,0.3655282552328999,158.80678606033325,11.388293266296388,0.6333333333333333,0.6333474078765605,0.8166666666666667
VGG16+Attention Mechanism+Dense,80.0,0.4242764694199207,83.0,0.3559119703718612,159.0622079372406,11.409828901290894,0.6599999999999999,0.6653592431495597,0.8300000000000001
VGG16+Capsule Network+Dense,79.28571428571428,0.4421416302547829,81.66666666666667,0.3873506548816214,156.2852668762207,11.465161323547363,0.6333333333333333,0.633460038012671,0.8166666666666667
